[
  {
    "model": "sacred_garden.user",
    "pk": 1,
    "fields": {
      "password": "pbkdf2_sha256$390000$R1pnIsaWkLJP81cvsqkTEO$0P04o6BwcYhVa87oLJy8LldYOsHmCpN6kUBxnznKnrY=",
      "last_login": "2023-04-02T02:04:17.390Z",
      "is_superuser": true,
      "first_name": "Viktor",
      "last_name": "",
      "is_staff": true,
      "is_active": true,
      "date_joined": "2023-04-02T02:03:36.188Z",
      "email": "viktor@sacredgarden.love",
      "partner_user": 2,
      "partner_name": null,
      "partner_invite_code": "HTFZ6V",
      "is_invited": true,
      "invite_code": null,
      "groups": [],
      "user_permissions": []
    }
  },
  {
    "model": "sacred_garden.user",
    "pk": 2,
    "fields": {
      "password": "pbkdf2_sha256$390000$eZe466gAI6qhiaRbQllRbN$1T1NQK+eH3aeL42s8dzkWh9t7Vy3KCs7QVR9Fon6qAk=",
      "last_login": null,
      "is_superuser": true,
      "first_name": "Eva",
      "last_name": "",
      "is_staff": true,
      "is_active": true,
      "date_joined": "2023-04-02T02:03:50.400Z",
      "email": "eva@sacredgarden.love",
      "partner_user": 1,
      "partner_name": null,
      "partner_invite_code": "SSBLCO",
      "is_invited": true,
      "invite_code": null,
      "groups": [],
      "user_permissions": []
    }
  },
  {
    "model": "sacred_garden.user",
    "pk": 3,
    "fields": {
      "password": "",
      "last_login": null,
      "is_superuser": true,
      "first_name": "",
      "last_name": "",
      "is_staff": true,
      "is_active": false,
      "date_joined": "2023-04-02T02:03:50.400Z",
      "email": "joe@sacredgarden.love",
      "partner_user": null,
      "partner_name": null,
      "is_invited": false,
      "invite_code": null,
      "groups": [],
      "user_permissions": []
    }
  },
  {
    "model": "sacred_garden.user",
    "pk": 4,
    "fields": {
      "password": "",
      "last_login": null,
      "is_superuser": true,
      "first_name": "",
      "last_name": "",
      "is_staff": true,
      "is_active": false,
      "date_joined": "2023-04-02T02:03:50.400Z",
      "email": "invited@sacredgarden.love",
      "partner_user": null,
      "partner_name": null,
      "is_invited": true,
      "invite_code": null,
      "groups": [],
      "user_permissions": []
    }
  },
  {
    "model": "sacred_garden.user",
    "pk": 5,
    "fields": {
      "password": "",
      "last_login": null,
      "is_superuser": true,
      "first_name": "Sample User",
      "last_name": "",
      "is_staff": true,
      "is_active": false,
      "is_sample": true,
      "date_joined": "2023-04-02T02:03:50.400Z",
      "email": "sample@sacredgarden.love",
      "partner_user": null,
      "partner_name": null,
      "is_invited": true,
      "invite_code": null,
      "groups": [],
      "user_permissions": []
    }
  },
  {
    "model": "sacred_garden.emotionalneed",
    "pk": 1,
    "fields": {
      "user": 1,
      "name": "Hugs",
      "state_value_type": 0
    }
  },
  {
    "model": "sacred_garden.emotionalneed",
    "pk": 2,
    "fields": {
      "user": 1,
      "name": "Kisses",
      "state_value_type": 0
    }
  },
  {
    "model": "sacred_garden.emotionalneed",
    "pk": 3,
    "fields": {
      "user": 2,
      "name": "Gifts",
      "state_value_type": 0
    }
  },
  {
    "model": "sacred_garden.emotionalneed",
    "pk": 4,
    "fields": {
      "user": 1,
      "name": "Help",
      "state_value_type": 0
    }
  },
  {
    "model": "sacred_garden.emotionalneed",
    "pk": 5,
    "fields": {
      "user": 1,
      "name": "Work",
      "state_value_type": 0
    }
  },
  {
    "model": "sacred_garden.emotionalneed",
    "pk": 6,
    "fields": {
      "user": 2,
      "name": "Work",
      "state_value_type": 0
    }
  },
  {
    "model": "sacred_garden.emotionalneed",
    "pk": 7,
    "fields": {
      "user": 2,
      "name": "Kisses",
      "state_value_type": 0
    }
  },
  {
    "model": "sacred_garden.emotionalneedstate",
    "pk": 1,
    "fields": {
      "emotional_need": 2,
      "status": 0,
      "value_type": 0,
      "partner_user": 2,
      "is_current": true,
      "appreciation_text": "Lorem ipsum dolor sit amet, consectetur adipiscing elit, sed do eiusmod tempor incididunt ut labore et dolore magna aliqua. Ultrices tincidunt arcu non sodales neque sodales ut etiam sit. In eu mi bibendum neque egestas congue quisque egestas diam. Eleifend mi in nulla posuere. Nulla facilisi morbi tempus iaculis urna id volutpat. Iaculis eu non diam phasellus. Libero nunc consequat interdum varius. At varius vel pharetra vel. Nibh tortor id aliquet lectus proin nibh nisl condimentum id. Mauris a diam maecenas sed enim ut sem viverra. Urna molestie at elementum eu facilisis. Ipsum a arcu cursus vitae congue.",
      "text": "Lorem ipsum dolor sit amet, consectetur adipiscing elit, sed do eiusmod tempor incididunt ut labore et dolore magna aliqua. Ultrices tincidunt arcu non sodales neque sodales ut etiam sit. In eu mi bibendum neque egestas congue quisque egestas diam. Eleifend mi in nulla posuere. Nulla facilisi morbi tempus iaculis urna id volutpat. Iaculis eu non diam phasellus. Libero nunc consequat interdum varius. At varius vel pharetra vel. Nibh tortor id aliquet lectus proin nibh nisl condimentum id. Mauris a diam maecenas sed enim ut sem viverra. Urna molestie at elementum eu facilisis. Ipsum a arcu cursus vitae congue.",
      "created_at": "2023-01-02T04:43:55.680Z"
    }
  },
  {
    "model": "sacred_garden.emotionalneedstate",
    "pk": 2,
    "fields": {
      "emotional_need": 4,
      "status": -10,
      "value_type": 0,
      "partner_user": 2,
      "is_current": true,
      "appreciation_text": "Lorem ipsum dolor sit amet, consectetur adipiscing elit, sed do eiusmod tempor incididunt ut labore et dolore magna aliqua. Ultrices tincidunt arcu non sodales neque sodales ut etiam sit. In eu mi bibendum neque egestas congue quisque egestas diam. Eleifend mi in nulla posuere. Nulla facilisi morbi tempus iaculis urna id volutpat. Iaculis eu non diam phasellus. Libero nunc consequat interdum varius. At varius vel pharetra vel. Nibh tortor id aliquet lectus proin nibh nisl condimentum id. Mauris a diam maecenas sed enim ut sem viverra. Urna molestie at elementum eu facilisis. Ipsum a arcu cursus vitae congue.",
      "text": "Lorem ipsum dolor sit amet, consectetur adipiscing elit, sed do eiusmod tempor incididunt ut labore et dolore magna aliqua. Ultrices tincidunt arcu non sodales neque sodales ut etiam sit. In eu mi bibendum neque egestas congue quisque egestas diam. Eleifend mi in nulla posuere. Nulla facilisi morbi tempus iaculis urna id volutpat. Iaculis eu non diam phasellus. Libero nunc consequat interdum varius. At varius vel pharetra vel. Nibh tortor id aliquet lectus proin nibh nisl condimentum id. Mauris a diam maecenas sed enim ut sem viverra. Urna molestie at elementum eu facilisis. Ipsum a arcu cursus vitae congue.",
      "created_at": "2023-01-02T06:45:24.943Z"
    }
  },


  {
    "model": "sacred_garden.emotionalneedstate",
    "pk": 3,
    "fields": {
      "emotional_need": 1,
      "status": -10,
      "value_type": 0,
      "partner_user": null,
      "is_current": false,
      "appreciation_text": "Lorem ipsum dolor sit amet, consectetur adipiscing elit, sed do eiusmod tempor incididunt ut labore et dolore magna aliqua. Ultrices tincidunt arcu non sodales neque sodales ut etiam sit. In eu mi bibendum neque egestas congue quisque egestas diam. Eleifend mi in nulla posuere. Nulla facilisi morbi tempus iaculis urna id volutpat. Iaculis eu non diam phasellus. Libero nunc consequat interdum varius. At varius vel pharetra vel. Nibh tortor id aliquet lectus proin nibh nisl condimentum id. Mauris a diam maecenas sed enim ut sem viverra. Urna molestie at elementum eu facilisis. Ipsum a arcu cursus vitae congue.",
      "text": "Lorem ipsum dolor sit amet, consectetur adipiscing elit, sed do eiusmod tempor incididunt ut labore et dolore magna aliqua. Ultrices tincidunt arcu non sodales neque sodales ut etiam sit. In eu mi bibendum neque egestas congue quisque egestas diam. Eleifend mi in nulla posuere. Nulla facilisi morbi tempus iaculis urna id volutpat. Iaculis eu non diam phasellus. Libero nunc consequat interdum varius. At varius vel pharetra vel. Nibh tortor id aliquet lectus proin nibh nisl condimentum id. Mauris a diam maecenas sed enim ut sem viverra. Urna molestie at elementum eu facilisis. Ipsum a arcu cursus vitae congue.",
      "created_at": "2023-01-01T04:40:59.987-08:00"
    }
  },
  {
    "model": "sacred_garden.emotionalneedstate",
    "pk": 4,
    "fields": {
      "emotional_need": 1,
      "status": -10,
      "value_type": 0,
      "value_rel": 1,
      "partner_user": null,
      "is_current": false,
      "appreciation_text": "Lorem ipsum dolor sit amet, consectetur adipiscing elit, sed do eiusmod tempor incididunt ut labore et dolore magna aliqua. Ultrices tincidunt arcu non sodales neque sodales ut etiam sit. In eu mi bibendum neque egestas congue quisque egestas diam. Eleifend mi in nulla posuere. Nulla facilisi morbi tempus iaculis urna id volutpat. Iaculis eu non diam phasellus. Libero nunc consequat interdum varius. At varius vel pharetra vel. Nibh tortor id aliquet lectus proin nibh nisl condimentum id. Mauris a diam maecenas sed enim ut sem viverra. Urna molestie at elementum eu facilisis. Ipsum a arcu cursus vitae congue.",
      "text": "Lorem ipsum dolor sit amet, consectetur adipiscing elit, sed do eiusmod tempor incididunt ut labore et dolore magna aliqua. Ultrices tincidunt arcu non sodales neque sodales ut etiam sit. In eu mi bibendum neque egestas congue quisque egestas diam. Eleifend mi in nulla posuere. Nulla facilisi morbi tempus iaculis urna id volutpat. Iaculis eu non diam phasellus. Libero nunc consequat interdum varius. At varius vel pharetra vel. Nibh tortor id aliquet lectus proin nibh nisl condimentum id. Mauris a diam maecenas sed enim ut sem viverra. Urna molestie at elementum eu facilisis. Ipsum a arcu cursus vitae congue.",
      "created_at": "2023-01-02T04:40:59.987-08:00"
    }
  },
  {
    "model": "sacred_garden.emotionalneedstate",
    "pk": 5,
    "fields": {
      "emotional_need": 1,
      "status": -10,
      "value_type": 0,
      "value_rel": 1,
      "partner_user": null,
      "is_current": false,
      "appreciation_text": "Lorem ipsum dolor sit amet, consectetur adipiscing elit, sed do eiusmod tempor incididunt ut labore et dolore magna aliqua. Ultrices tincidunt arcu non sodales neque sodales ut etiam sit. In eu mi bibendum neque egestas congue quisque egestas diam. Eleifend mi in nulla posuere. Nulla facilisi morbi tempus iaculis urna id volutpat. Iaculis eu non diam phasellus. Libero nunc consequat interdum varius. At varius vel pharetra vel. Nibh tortor id aliquet lectus proin nibh nisl condimentum id. Mauris a diam maecenas sed enim ut sem viverra. Urna molestie at elementum eu facilisis. Ipsum a arcu cursus vitae congue.",
      "text": "Lorem ipsum dolor sit amet, consectetur adipiscing elit, sed do eiusmod tempor incididunt ut labore et dolore magna aliqua. Ultrices tincidunt arcu non sodales neque sodales ut etiam sit. In eu mi bibendum neque egestas congue quisque egestas diam. Eleifend mi in nulla posuere. Nulla facilisi morbi tempus iaculis urna id volutpat. Iaculis eu non diam phasellus. Libero nunc consequat interdum varius. At varius vel pharetra vel. Nibh tortor id aliquet lectus proin nibh nisl condimentum id. Mauris a diam maecenas sed enim ut sem viverra. Urna molestie at elementum eu facilisis. Ipsum a arcu cursus vitae congue.",
      "created_at": "2023-01-03T04:40:59.987-08:00"
    }
  },
  {
    "model": "sacred_garden.emotionalneedstate",
    "pk": 5,
    "fields": {
      "emotional_need": 1,
      "status": -10,
      "value_type": 0,
      "value_rel": 0,
      "partner_user": null,
      "is_current": false,
      "appreciation_text": "Lorem ipsum dolor sit amet, consectetur adipiscing elit, sed do eiusmod tempor incididunt ut labore et dolore magna aliqua. Ultrices tincidunt arcu non sodales neque sodales ut etiam sit. In eu mi bibendum neque egestas congue quisque egestas diam. Eleifend mi in nulla posuere. Nulla facilisi morbi tempus iaculis urna id volutpat. Iaculis eu non diam phasellus. Libero nunc consequat interdum varius. At varius vel pharetra vel. Nibh tortor id aliquet lectus proin nibh nisl condimentum id. Mauris a diam maecenas sed enim ut sem viverra. Urna molestie at elementum eu facilisis. Ipsum a arcu cursus vitae congue.",
      "text": "Lorem ipsum dolor sit amet, consectetur adipiscing elit, sed do eiusmod tempor incididunt ut labore et dolore magna aliqua. Ultrices tincidunt arcu non sodales neque sodales ut etiam sit. In eu mi bibendum neque egestas congue quisque egestas diam. Eleifend mi in nulla posuere. Nulla facilisi morbi tempus iaculis urna id volutpat. Iaculis eu non diam phasellus. Libero nunc consequat interdum varius. At varius vel pharetra vel. Nibh tortor id aliquet lectus proin nibh nisl condimentum id. Mauris a diam maecenas sed enim ut sem viverra. Urna molestie at elementum eu facilisis. Ipsum a arcu cursus vitae congue.",
      "created_at": "2023-01-04T04:40:59.987-08:00"
    }
  },
  {
    "model": "sacred_garden.emotionalneedstate",
    "pk": 6,
    "fields": {
      "emotional_need": 1,
      "status": -10,
      "value_type": 0,
      "value_rel": 1,
      "partner_user": 2,
      "is_current": false,
      "appreciation_text": "Lorem ipsum dolor sit amet, consectetur adipiscing elit, sed do eiusmod tempor incididunt ut labore et dolore magna aliqua. Ultrices tincidunt arcu non sodales neque sodales ut etiam sit. In eu mi bibendum neque egestas congue quisque egestas diam. Eleifend mi in nulla posuere. Nulla facilisi morbi tempus iaculis urna id volutpat. Iaculis eu non diam phasellus. Libero nunc consequat interdum varius. At varius vel pharetra vel. Nibh tortor id aliquet lectus proin nibh nisl condimentum id. Mauris a diam maecenas sed enim ut sem viverra. Urna molestie at elementum eu facilisis. Ipsum a arcu cursus vitae congue.",
      "text": "Lorem ipsum dolor sit amet, consectetur adipiscing elit, sed do eiusmod tempor incididunt ut labore et dolore magna aliqua. Ultrices tincidunt arcu non sodales neque sodales ut etiam sit. In eu mi bibendum neque egestas congue quisque egestas diam. Eleifend mi in nulla posuere. Nulla facilisi morbi tempus iaculis urna id volutpat. Iaculis eu non diam phasellus. Libero nunc consequat interdum varius. At varius vel pharetra vel. Nibh tortor id aliquet lectus proin nibh nisl condimentum id. Mauris a diam maecenas sed enim ut sem viverra. Urna molestie at elementum eu facilisis. Ipsum a arcu cursus vitae congue.",
      "created_at": "2023-01-05T04:40:59.987-08:00"
    }
  },
  {
    "model": "sacred_garden.emotionalneedstate",
    "pk": 7,
    "fields": {
      "emotional_need": 1,
      "status": -10,
      "value_type": 0,
      "value_rel": -1,
      "partner_user": 2,
      "is_current": false,
      "appreciation_text": "Lorem ipsum dolor sit amet, consectetur adipiscing elit, sed do eiusmod tempor incididunt ut labore et dolore magna aliqua. Ultrices tincidunt arcu non sodales neque sodales ut etiam sit. In eu mi bibendum neque egestas congue quisque egestas diam. Eleifend mi in nulla posuere. Nulla facilisi morbi tempus iaculis urna id volutpat. Iaculis eu non diam phasellus. Libero nunc consequat interdum varius. At varius vel pharetra vel. Nibh tortor id aliquet lectus proin nibh nisl condimentum id. Mauris a diam maecenas sed enim ut sem viverra. Urna molestie at elementum eu facilisis. Ipsum a arcu cursus vitae congue.",
      "text": "Lorem ipsum dolor sit amet, consectetur adipiscing elit, sed do eiusmod tempor incididunt ut labore et dolore magna aliqua. Ultrices tincidunt arcu non sodales neque sodales ut etiam sit. In eu mi bibendum neque egestas congue quisque egestas diam. Eleifend mi in nulla posuere. Nulla facilisi morbi tempus iaculis urna id volutpat. Iaculis eu non diam phasellus. Libero nunc consequat interdum varius. At varius vel pharetra vel. Nibh tortor id aliquet lectus proin nibh nisl condimentum id. Mauris a diam maecenas sed enim ut sem viverra. Urna molestie at elementum eu facilisis. Ipsum a arcu cursus vitae congue.",
      "created_at": "2023-01-06T04:40:59.987-08:00"
    }
  },
  {
    "model": "sacred_garden.emotionalneedstate",
    "pk": 8,
    "fields": {
      "emotional_need": 1,
      "status": -10,
      "value_type": 0,
      "value_rel": 1,
      "partner_user": 2,
      "is_current": false,
      "appreciation_text": "Lorem ipsum dolor sit amet, consectetur adipiscing elit, sed do eiusmod tempor incididunt ut labore et dolore magna aliqua. Ultrices tincidunt arcu non sodales neque sodales ut etiam sit. In eu mi bibendum neque egestas congue quisque egestas diam. Eleifend mi in nulla posuere. Nulla facilisi morbi tempus iaculis urna id volutpat. Iaculis eu non diam phasellus. Libero nunc consequat interdum varius. At varius vel pharetra vel. Nibh tortor id aliquet lectus proin nibh nisl condimentum id. Mauris a diam maecenas sed enim ut sem viverra. Urna molestie at elementum eu facilisis. Ipsum a arcu cursus vitae congue.",
      "text": "Lorem ipsum dolor sit amet, consectetur adipiscing elit, sed do eiusmod tempor incididunt ut labore et dolore magna aliqua. Ultrices tincidunt arcu non sodales neque sodales ut etiam sit. In eu mi bibendum neque egestas congue quisque egestas diam. Eleifend mi in nulla posuere. Nulla facilisi morbi tempus iaculis urna id volutpat. Iaculis eu non diam phasellus. Libero nunc consequat interdum varius. At varius vel pharetra vel. Nibh tortor id aliquet lectus proin nibh nisl condimentum id. Mauris a diam maecenas sed enim ut sem viverra. Urna molestie at elementum eu facilisis. Ipsum a arcu cursus vitae congue.",
      "created_at": "2023-01-07T04:40:59.987-08:00"
    }
  },
  {
    "model": "sacred_garden.emotionalneedstate",
    "pk": 9,
    "fields": {
      "emotional_need": 1,
      "status": -10,
      "value_type": 0,
      "value_rel": 0,
      "partner_user": 2,
      "is_current": false,
      "appreciation_text": "Lorem ipsum dolor sit amet, consectetur adipiscing elit, sed do eiusmod tempor incididunt ut labore et dolore magna aliqua. Ultrices tincidunt arcu non sodales neque sodales ut etiam sit. In eu mi bibendum neque egestas congue quisque egestas diam. Eleifend mi in nulla posuere. Nulla facilisi morbi tempus iaculis urna id volutpat. Iaculis eu non diam phasellus. Libero nunc consequat interdum varius. At varius vel pharetra vel. Nibh tortor id aliquet lectus proin nibh nisl condimentum id. Mauris a diam maecenas sed enim ut sem viverra. Urna molestie at elementum eu facilisis. Ipsum a arcu cursus vitae congue.",
      "text": "Lorem ipsum dolor sit amet, consectetur adipiscing elit, sed do eiusmod tempor incididunt ut labore et dolore magna aliqua. Ultrices tincidunt arcu non sodales neque sodales ut etiam sit. In eu mi bibendum neque egestas congue quisque egestas diam. Eleifend mi in nulla posuere. Nulla facilisi morbi tempus iaculis urna id volutpat. Iaculis eu non diam phasellus. Libero nunc consequat interdum varius. At varius vel pharetra vel. Nibh tortor id aliquet lectus proin nibh nisl condimentum id. Mauris a diam maecenas sed enim ut sem viverra. Urna molestie at elementum eu facilisis. Ipsum a arcu cursus vitae congue.",
      "created_at": "2023-01-08T04:40:59.987-08:00"
    }
  },


  {
    "model": "sacred_garden.emotionalneedstate",
    "pk": 10,
    "fields": {
      "emotional_need": 1,
      "status": 0,
      "value_type": 0,
      "value_rel": 0,
      "partner_user": 2,
      "is_current": false,
      "appreciation_text": "Lorem ipsum dolor sit amet, consectetur adipiscing elit, sed do eiusmod tempor incididunt ut labore et dolore magna aliqua. Ultrices tincidunt arcu non sodales neque sodales ut etiam sit. In eu mi bibendum neque egestas congue quisque egestas diam. Eleifend mi in nulla posuere. Nulla facilisi morbi tempus iaculis urna id volutpat. Iaculis eu non diam phasellus. Libero nunc consequat interdum varius. At varius vel pharetra vel. Nibh tortor id aliquet lectus proin nibh nisl condimentum id. Mauris a diam maecenas sed enim ut sem viverra. Urna molestie at elementum eu facilisis. Ipsum a arcu cursus vitae congue.",
      "text": "Lorem ipsum dolor sit amet, consectetur adipiscing elit, sed do eiusmod tempor incididunt ut labore et dolore magna aliqua. Ultrices tincidunt arcu non sodales neque sodales ut etiam sit. In eu mi bibendum neque egestas congue quisque egestas diam. Eleifend mi in nulla posuere. Nulla facilisi morbi tempus iaculis urna id volutpat. Iaculis eu non diam phasellus. Libero nunc consequat interdum varius. At varius vel pharetra vel. Nibh tortor id aliquet lectus proin nibh nisl condimentum id. Mauris a diam maecenas sed enim ut sem viverra. Urna molestie at elementum eu facilisis. Ipsum a arcu cursus vitae congue.",
      "created_at": "2023-01-09T04:40:59.987-08:00"
    }
  },
  {
    "model": "sacred_garden.emotionalneedstate",
    "pk": 11,
    "fields": {
      "emotional_need": 1,
      "status": 0,
      "value_type": 0,
      "value_rel": 0,
      "partner_user": 2,
      "is_current": false,
      "appreciation_text": "Lorem ipsum dolor sit amet, consectetur adipiscing elit, sed do eiusmod tempor incididunt ut labore et dolore magna aliqua. Ultrices tincidunt arcu non sodales neque sodales ut etiam sit. In eu mi bibendum neque egestas congue quisque egestas diam. Eleifend mi in nulla posuere. Nulla facilisi morbi tempus iaculis urna id volutpat. Iaculis eu non diam phasellus. Libero nunc consequat interdum varius. At varius vel pharetra vel. Nibh tortor id aliquet lectus proin nibh nisl condimentum id. Mauris a diam maecenas sed enim ut sem viverra. Urna molestie at elementum eu facilisis. Ipsum a arcu cursus vitae congue.",
      "text": "Lorem ipsum dolor sit amet, consectetur adipiscing elit, sed do eiusmod tempor incididunt ut labore et dolore magna aliqua. Ultrices tincidunt arcu non sodales neque sodales ut etiam sit. In eu mi bibendum neque egestas congue quisque egestas diam. Eleifend mi in nulla posuere. Nulla facilisi morbi tempus iaculis urna id volutpat. Iaculis eu non diam phasellus. Libero nunc consequat interdum varius. At varius vel pharetra vel. Nibh tortor id aliquet lectus proin nibh nisl condimentum id. Mauris a diam maecenas sed enim ut sem viverra. Urna molestie at elementum eu facilisis. Ipsum a arcu cursus vitae congue.",
      "created_at": "2023-01-10T04:40:59.987-08:00"
    }
  },
  {
    "model": "sacred_garden.emotionalneedstate",
    "pk": 12,
    "fields": {
      "emotional_need": 1,
      "status": 0,
      "value_type": 0,
      "value_rel": 1,
      "partner_user": 2,
      "is_current": false,
      "appreciation_text": "Lorem ipsum dolor sit amet, consectetur adipiscing elit, sed do eiusmod tempor incididunt ut labore et dolore magna aliqua. Ultrices tincidunt arcu non sodales neque sodales ut etiam sit. In eu mi bibendum neque egestas congue quisque egestas diam. Eleifend mi in nulla posuere. Nulla facilisi morbi tempus iaculis urna id volutpat. Iaculis eu non diam phasellus. Libero nunc consequat interdum varius. At varius vel pharetra vel. Nibh tortor id aliquet lectus proin nibh nisl condimentum id. Mauris a diam maecenas sed enim ut sem viverra. Urna molestie at elementum eu facilisis. Ipsum a arcu cursus vitae congue.",
      "text": "Lorem ipsum dolor sit amet, consectetur adipiscing elit, sed do eiusmod tempor incididunt ut labore et dolore magna aliqua. Ultrices tincidunt arcu non sodales neque sodales ut etiam sit. In eu mi bibendum neque egestas congue quisque egestas diam. Eleifend mi in nulla posuere. Nulla facilisi morbi tempus iaculis urna id volutpat. Iaculis eu non diam phasellus. Libero nunc consequat interdum varius. At varius vel pharetra vel. Nibh tortor id aliquet lectus proin nibh nisl condimentum id. Mauris a diam maecenas sed enim ut sem viverra. Urna molestie at elementum eu facilisis. Ipsum a arcu cursus vitae congue.",
      "created_at": "2023-01-11T04:40:59.987-08:00"
    }
  },
  {
    "model": "sacred_garden.emotionalneedstate",
    "pk": 13,
    "fields": {
      "emotional_need": 1,
      "status": 0,
      "value_type": 0,
      "value_rel": 0,
      "partner_user": 2,
      "is_current": false,
      "appreciation_text": "Lorem ipsum dolor sit amet, consectetur adipiscing elit, sed do eiusmod tempor incididunt ut labore et dolore magna aliqua. Ultrices tincidunt arcu non sodales neque sodales ut etiam sit. In eu mi bibendum neque egestas congue quisque egestas diam. Eleifend mi in nulla posuere. Nulla facilisi morbi tempus iaculis urna id volutpat. Iaculis eu non diam phasellus. Libero nunc consequat interdum varius. At varius vel pharetra vel. Nibh tortor id aliquet lectus proin nibh nisl condimentum id. Mauris a diam maecenas sed enim ut sem viverra. Urna molestie at elementum eu facilisis. Ipsum a arcu cursus vitae congue.",
      "text": "Lorem ipsum dolor sit amet, consectetur adipiscing elit, sed do eiusmod tempor incididunt ut labore et dolore magna aliqua. Ultrices tincidunt arcu non sodales neque sodales ut etiam sit. In eu mi bibendum neque egestas congue quisque egestas diam. Eleifend mi in nulla posuere. Nulla facilisi morbi tempus iaculis urna id volutpat. Iaculis eu non diam phasellus. Libero nunc consequat interdum varius. At varius vel pharetra vel. Nibh tortor id aliquet lectus proin nibh nisl condimentum id. Mauris a diam maecenas sed enim ut sem viverra. Urna molestie at elementum eu facilisis. Ipsum a arcu cursus vitae congue.",
      "created_at": "2023-01-12T04:40:59.987-08:00"
    }
  },
  {
    "model": "sacred_garden.emotionalneedstate",
    "pk": 14,
    "fields": {
      "emotional_need": 1,
      "status": 0,
      "value_type": 0,
      "value_rel": -1,
      "partner_user": 2,
      "is_current": false,
      "appreciation_text": "Lorem ipsum dolor sit amet, consectetur adipiscing elit, sed do eiusmod tempor incididunt ut labore et dolore magna aliqua. Ultrices tincidunt arcu non sodales neque sodales ut etiam sit. In eu mi bibendum neque egestas congue quisque egestas diam. Eleifend mi in nulla posuere. Nulla facilisi morbi tempus iaculis urna id volutpat. Iaculis eu non diam phasellus. Libero nunc consequat interdum varius. At varius vel pharetra vel. Nibh tortor id aliquet lectus proin nibh nisl condimentum id. Mauris a diam maecenas sed enim ut sem viverra. Urna molestie at elementum eu facilisis. Ipsum a arcu cursus vitae congue.",
      "text": "Lorem ipsum dolor sit amet, consectetur adipiscing elit, sed do eiusmod tempor incididunt ut labore et dolore magna aliqua. Ultrices tincidunt arcu non sodales neque sodales ut etiam sit. In eu mi bibendum neque egestas congue quisque egestas diam. Eleifend mi in nulla posuere. Nulla facilisi morbi tempus iaculis urna id volutpat. Iaculis eu non diam phasellus. Libero nunc consequat interdum varius. At varius vel pharetra vel. Nibh tortor id aliquet lectus proin nibh nisl condimentum id. Mauris a diam maecenas sed enim ut sem viverra. Urna molestie at elementum eu facilisis. Ipsum a arcu cursus vitae congue.",
      "created_at": "2023-01-13T04:40:59.987-08:00"
    }
  },
  {
    "model": "sacred_garden.emotionalneedstate",
    "pk": 15,
    "fields": {
      "emotional_need": 1,
      "status": 0,
      "value_type": 0,
      "value_rel": 0,
      "partner_user": 2,
      "is_current": false,
      "appreciation_text": "Lorem ipsum dolor sit amet, consectetur adipiscing elit, sed do eiusmod tempor incididunt ut labore et dolore magna aliqua. Ultrices tincidunt arcu non sodales neque sodales ut etiam sit. In eu mi bibendum neque egestas congue quisque egestas diam. Eleifend mi in nulla posuere. Nulla facilisi morbi tempus iaculis urna id volutpat. Iaculis eu non diam phasellus. Libero nunc consequat interdum varius. At varius vel pharetra vel. Nibh tortor id aliquet lectus proin nibh nisl condimentum id. Mauris a diam maecenas sed enim ut sem viverra. Urna molestie at elementum eu facilisis. Ipsum a arcu cursus vitae congue.",
      "text": "Lorem ipsum dolor sit amet, consectetur adipiscing elit, sed do eiusmod tempor incididunt ut labore et dolore magna aliqua. Ultrices tincidunt arcu non sodales neque sodales ut etiam sit. In eu mi bibendum neque egestas congue quisque egestas diam. Eleifend mi in nulla posuere. Nulla facilisi morbi tempus iaculis urna id volutpat. Iaculis eu non diam phasellus. Libero nunc consequat interdum varius. At varius vel pharetra vel. Nibh tortor id aliquet lectus proin nibh nisl condimentum id. Mauris a diam maecenas sed enim ut sem viverra. Urna molestie at elementum eu facilisis. Ipsum a arcu cursus vitae congue.",
      "created_at": "2023-01-14T04:40:59.987-08:00"
    }
  },
  {
    "model": "sacred_garden.emotionalneedstate",
    "pk": 16,
    "fields": {
      "emotional_need": 1,
      "status": 0,
      "value_type": 0,
      "value_rel": 1,
      "partner_user": 2,
      "is_current": false,
      "appreciation_text": "Lorem ipsum dolor sit amet, consectetur adipiscing elit, sed do eiusmod tempor incididunt ut labore et dolore magna aliqua. Ultrices tincidunt arcu non sodales neque sodales ut etiam sit. In eu mi bibendum neque egestas congue quisque egestas diam. Eleifend mi in nulla posuere. Nulla facilisi morbi tempus iaculis urna id volutpat. Iaculis eu non diam phasellus. Libero nunc consequat interdum varius. At varius vel pharetra vel. Nibh tortor id aliquet lectus proin nibh nisl condimentum id. Mauris a diam maecenas sed enim ut sem viverra. Urna molestie at elementum eu facilisis. Ipsum a arcu cursus vitae congue.",
      "text": "Lorem ipsum dolor sit amet, consectetur adipiscing elit, sed do eiusmod tempor incididunt ut labore et dolore magna aliqua. Ultrices tincidunt arcu non sodales neque sodales ut etiam sit. In eu mi bibendum neque egestas congue quisque egestas diam. Eleifend mi in nulla posuere. Nulla facilisi morbi tempus iaculis urna id volutpat. Iaculis eu non diam phasellus. Libero nunc consequat interdum varius. At varius vel pharetra vel. Nibh tortor id aliquet lectus proin nibh nisl condimentum id. Mauris a diam maecenas sed enim ut sem viverra. Urna molestie at elementum eu facilisis. Ipsum a arcu cursus vitae congue.",
      "created_at": "2023-01-15T04:40:59.987-08:00"
    }
  },
  {
    "model": "sacred_garden.emotionalneedstate",
    "pk": 17,
    "fields": {
      "emotional_need": 1,
      "status": 0,
      "value_type": 0,
      "value_rel": -1,
      "partner_user": 2,
      "is_current": false,
      "appreciation_text": "Lorem ipsum dolor sit amet, consectetur adipiscing elit, sed do eiusmod tempor incididunt ut labore et dolore magna aliqua. Ultrices tincidunt arcu non sodales neque sodales ut etiam sit. In eu mi bibendum neque egestas congue quisque egestas diam. Eleifend mi in nulla posuere. Nulla facilisi morbi tempus iaculis urna id volutpat. Iaculis eu non diam phasellus. Libero nunc consequat interdum varius. At varius vel pharetra vel. Nibh tortor id aliquet lectus proin nibh nisl condimentum id. Mauris a diam maecenas sed enim ut sem viverra. Urna molestie at elementum eu facilisis. Ipsum a arcu cursus vitae congue.",
      "text": "Lorem ipsum dolor sit amet, consectetur adipiscing elit, sed do eiusmod tempor incididunt ut labore et dolore magna aliqua. Ultrices tincidunt arcu non sodales neque sodales ut etiam sit. In eu mi bibendum neque egestas congue quisque egestas diam. Eleifend mi in nulla posuere. Nulla facilisi morbi tempus iaculis urna id volutpat. Iaculis eu non diam phasellus. Libero nunc consequat interdum varius. At varius vel pharetra vel. Nibh tortor id aliquet lectus proin nibh nisl condimentum id. Mauris a diam maecenas sed enim ut sem viverra. Urna molestie at elementum eu facilisis. Ipsum a arcu cursus vitae congue.",
      "created_at": "2023-01-16T04:40:59.987-08:00"
    }
  },
  {
    "model": "sacred_garden.emotionalneedstate",
    "pk": 18,
    "fields": {
      "emotional_need": 1,
      "status": 0,
      "value_type": 0,
      "value_rel": -1,
      "partner_user": 2,
      "is_current": false,
      "appreciation_text": "Lorem ipsum dolor sit amet, consectetur adipiscing elit, sed do eiusmod tempor incididunt ut labore et dolore magna aliqua. Ultrices tincidunt arcu non sodales neque sodales ut etiam sit. In eu mi bibendum neque egestas congue quisque egestas diam. Eleifend mi in nulla posuere. Nulla facilisi morbi tempus iaculis urna id volutpat. Iaculis eu non diam phasellus. Libero nunc consequat interdum varius. At varius vel pharetra vel. Nibh tortor id aliquet lectus proin nibh nisl condimentum id. Mauris a diam maecenas sed enim ut sem viverra. Urna molestie at elementum eu facilisis. Ipsum a arcu cursus vitae congue.",
      "text": "Lorem ipsum dolor sit amet, consectetur adipiscing elit, sed do eiusmod tempor incididunt ut labore et dolore magna aliqua. Ultrices tincidunt arcu non sodales neque sodales ut etiam sit. In eu mi bibendum neque egestas congue quisque egestas diam. Eleifend mi in nulla posuere. Nulla facilisi morbi tempus iaculis urna id volutpat. Iaculis eu non diam phasellus. Libero nunc consequat interdum varius. At varius vel pharetra vel. Nibh tortor id aliquet lectus proin nibh nisl condimentum id. Mauris a diam maecenas sed enim ut sem viverra. Urna molestie at elementum eu facilisis. Ipsum a arcu cursus vitae congue.",
      "created_at": "2023-01-17T04:40:59.987-08:00"
    }
  },
  {
    "model": "sacred_garden.emotionalneedstate",
    "pk": 19,
    "fields": {
      "emotional_need": 1,
      "status": 0,
      "value_type": 0,
      "value_rel": -1,
      "partner_user": 2,
      "is_current": false,
      "appreciation_text": "Lorem ipsum dolor sit amet, consectetur adipiscing elit, sed do eiusmod tempor incididunt ut labore et dolore magna aliqua. Ultrices tincidunt arcu non sodales neque sodales ut etiam sit. In eu mi bibendum neque egestas congue quisque egestas diam. Eleifend mi in nulla posuere. Nulla facilisi morbi tempus iaculis urna id volutpat. Iaculis eu non diam phasellus. Libero nunc consequat interdum varius. At varius vel pharetra vel. Nibh tortor id aliquet lectus proin nibh nisl condimentum id. Mauris a diam maecenas sed enim ut sem viverra. Urna molestie at elementum eu facilisis. Ipsum a arcu cursus vitae congue.",
      "text": "Lorem ipsum dolor sit amet, consectetur adipiscing elit, sed do eiusmod tempor incididunt ut labore et dolore magna aliqua. Ultrices tincidunt arcu non sodales neque sodales ut etiam sit. In eu mi bibendum neque egestas congue quisque egestas diam. Eleifend mi in nulla posuere. Nulla facilisi morbi tempus iaculis urna id volutpat. Iaculis eu non diam phasellus. Libero nunc consequat interdum varius. At varius vel pharetra vel. Nibh tortor id aliquet lectus proin nibh nisl condimentum id. Mauris a diam maecenas sed enim ut sem viverra. Urna molestie at elementum eu facilisis. Ipsum a arcu cursus vitae congue.",
      "created_at": "2023-01-18T04:40:59.987-08:00"
    }
  },

  {
    "model": "sacred_garden.emotionalneedstate",
    "pk": 20,
    "fields": {
      "emotional_need": 1,
      "status": -20,
      "value_type": 0,
      "value_rel": -1,
      "partner_user": 2,
      "is_current": true,
      "appreciation_text": "Lorem ipsum dolor sit amet, consectetur adipiscing elit, sed do eiusmod tempor incididunt ut labore et dolore magna aliqua. Ultrices tincidunt arcu non sodales neque sodales ut etiam sit. In eu mi bibendum neque egestas congue quisque egestas diam. Eleifend mi in nulla posuere. Nulla facilisi morbi tempus iaculis urna id volutpat. Iaculis eu non diam phasellus. Libero nunc consequat interdum varius. At varius vel pharetra vel. Nibh tortor id aliquet lectus proin nibh nisl condimentum id. Mauris a diam maecenas sed enim ut sem viverra. Urna molestie at elementum eu facilisis. Ipsum a arcu cursus vitae congue.",
      "text": "Lorem ipsum dolor sit amet, consectetur adipiscing elit, sed do eiusmod tempor incididunt ut labore et dolore magna aliqua. Ultrices tincidunt arcu non sodales neque sodales ut etiam sit. In eu mi bibendum neque egestas congue quisque egestas diam. Eleifend mi in nulla posuere. Nulla facilisi morbi tempus iaculis urna id volutpat. Iaculis eu non diam phasellus. Libero nunc consequat interdum varius. At varius vel pharetra vel. Nibh tortor id aliquet lectus proin nibh nisl condimentum id. Mauris a diam maecenas sed enim ut sem viverra. Urna molestie at elementum eu facilisis. Ipsum a arcu cursus vitae congue.",
      "created_at": "2023-01-19T04:40:59.987-08:00"
    }
  },

  {
    "model": "sacred_garden.emotionalneedstate",
    "pk": 21,
    "fields": {
      "emotional_need": 3,
      "status": 0,
      "value_type": 0,
      "value_rel": 1,
      "partner_user": 1,
      "is_current": true,
      "appreciation_text": "Lorem ipsum dolor sit amet, consectetur adipiscing elit, sed do eiusmod tempor incididunt ut labore et dolore magna aliqua. Ultrices tincidunt arcu non sodales neque sodales ut etiam sit. In eu mi bibendum neque egestas congue quisque egestas diam. Eleifend mi in nulla posuere. Nulla facilisi morbi tempus iaculis urna id volutpat. Iaculis eu non diam phasellus. Libero nunc consequat interdum varius. At varius vel pharetra vel. Nibh tortor id aliquet lectus proin nibh nisl condimentum id. Mauris a diam maecenas sed enim ut sem viverra. Urna molestie at elementum eu facilisis. Ipsum a arcu cursus vitae congue.",
      "text": "Lorem ipsum dolor sit amet, consectetur adipiscing elit, sed do eiusmod tempor incididunt ut labore et dolore magna aliqua. Ultrices tincidunt arcu non sodales neque sodales ut etiam sit. In eu mi bibendum neque egestas congue quisque egestas diam. Eleifend mi in nulla posuere. Nulla facilisi morbi tempus iaculis urna id volutpat. Iaculis eu non diam phasellus. Libero nunc consequat interdum varius. At varius vel pharetra vel. Nibh tortor id aliquet lectus proin nibh nisl condimentum id. Mauris a diam maecenas sed enim ut sem viverra. Urna molestie at elementum eu facilisis. Ipsum a arcu cursus vitae congue.",
      "created_at": "2023-01-19T04:40:59.987-08:00"
    }
  },

  {
    "model": "sacred_garden.emotionalneedstate",
    "pk": 22,
    "fields": {
      "emotional_need": 7,
      "status": 0,
      "value_type": 0,
      "value_rel": null,
      "partner_user": 1,
      "is_current": true,
      "appreciation_text": "",
      "text": "Lorem ipsum dolor sit amet, consectetur adipiscing elit, sed do eiusmod tempor incididunt ut labore et dolore magna aliqua. Ultrices tincidunt arcu non sodales neque sodales ut etiam sit. In eu mi bibendum neque egestas congue quisque egestas diam. Eleifend mi in nulla posuere. Nulla facilisi morbi tempus iaculis urna id volutpat. Iaculis eu non diam phasellus. Libero nunc consequat interdum varius. At varius vel pharetra vel. Nibh tortor id aliquet lectus proin nibh nisl condimentum id. Mauris a diam maecenas sed enim ut sem viverra. Urna molestie at elementum eu facilisis. Ipsum a arcu cursus vitae congue.",
      "created_at": "2023-01-19T04:40:59.987-08:00"
    }
  },

  {
    "model": "sacred_garden.emotionalletter",
    "pk": 1,
    "fields": {
      "sender": 2,
      "recipient": 1,
      "appreciation_text": "Lorem ipsum dolor sit amet, consectetur adipiscing elit, sed do eiusmod tempor incididunt ut labore et dolore magna aliqua. Ultrices tincidunt arcu non sodales neque sodales ut etiam sit. In eu mi bibendum neque egestas congue quisque egestas diam. Eleifend mi in nulla posuere. Nulla facilisi morbi tempus iaculis urna id volutpat. Iaculis eu non diam phasellus. Libero nunc consequat interdum varius. At varius vel pharetra vel. Nibh tortor id aliquet lectus proin nibh nisl condimentum id. Mauris a diam maecenas sed enim ut sem viverra. Urna molestie at elementum eu facilisis. Ipsum a arcu cursus vitae congue.",
      "text": "Lorem ipsum dolor sit amet, consectetur adipiscing elit, sed do eiusmod tempor incididunt ut labore et dolore magna aliqua. Ultrices tincidunt arcu non sodales neque sodales ut etiam sit. In eu mi bibendum neque egestas congue quisque egestas diam. Eleifend mi in nulla posuere. Nulla facilisi morbi tempus iaculis urna id volutpat. Iaculis eu non diam phasellus. Libero nunc consequat interdum varius. At varius vel pharetra vel. Nibh tortor id aliquet lectus proin nibh nisl condimentum id. Mauris a diam maecenas sed enim ut sem viverra. Urna molestie at elementum eu facilisis. Ipsum a arcu cursus vitae congue.",
      "advice_text": "Lorem ipsum dolor sit amet, consectetur adipiscing elit, sed do eiusmod tempor incididunt ut labore et dolore magna aliqua. Ultrices tincidunt arcu non sodales neque sodales ut etiam sit. In eu mi bibendum neque egestas congue quisque egestas diam. Eleifend mi in nulla posuere. Nulla facilisi morbi tempus iaculis urna id volutpat. Iaculis eu non diam phasellus. Libero nunc consequat interdum varius. At varius vel pharetra vel. Nibh tortor id aliquet lectus proin nibh nisl condimentum id. Mauris a diam maecenas sed enim ut sem viverra. Urna molestie at elementum eu facilisis. Ipsum a arcu cursus vitae congue.",
      "created_at": "2023-04-01T05:30:11.348Z",
      "is_read": true,
      "is_acknowledged": true
    }
  },

  {
    "model": "sacred_garden.emotionalletter",
    "pk": 2,
    "fields": {
      "sender": 2,
      "recipient": 1,
      "appreciation_text": "Lorem ipsum dolor sit amet, consectetur adipiscing elit, sed do eiusmod tempor incididunt ut labore et dolore magna aliqua. Ultrices tincidunt arcu non sodales neque sodales ut etiam sit. In eu mi bibendum neque egestas congue quisque egestas diam. Eleifend mi in nulla posuere. Nulla facilisi morbi tempus iaculis urna id volutpat. Iaculis eu non diam phasellus. Libero nunc consequat interdum varius. At varius vel pharetra vel. Nibh tortor id aliquet lectus proin nibh nisl condimentum id. Mauris a diam maecenas sed enim ut sem viverra. Urna molestie at elementum eu facilisis. Ipsum a arcu cursus vitae congue.",
      "text": "Lorem ipsum dolor sit amet, consectetur adipiscing elit, sed do eiusmod tempor incididunt ut labore et dolore magna aliqua. Ultrices tincidunt arcu non sodales neque sodales ut etiam sit. In eu mi bibendum neque egestas congue quisque egestas diam. Eleifend mi in nulla posuere. Nulla facilisi morbi tempus iaculis urna id volutpat. Iaculis eu non diam phasellus. Libero nunc consequat interdum varius. At varius vel pharetra vel. Nibh tortor id aliquet lectus proin nibh nisl condimentum id. Mauris a diam maecenas sed enim ut sem viverra. Urna molestie at elementum eu facilisis. Ipsum a arcu cursus vitae congue.",
      "advice_text": "Lorem ipsum dolor sit amet, consectetur adipiscing elit, sed do eiusmod tempor incididunt ut labore et dolore magna aliqua. Ultrices tincidunt arcu non sodales neque sodales ut etiam sit. In eu mi bibendum neque egestas congue quisque egestas diam. Eleifend mi in nulla posuere. Nulla facilisi morbi tempus iaculis urna id volutpat. Iaculis eu non diam phasellus. Libero nunc consequat interdum varius. At varius vel pharetra vel. Nibh tortor id aliquet lectus proin nibh nisl condimentum id. Mauris a diam maecenas sed enim ut sem viverra. Urna molestie at elementum eu facilisis. Ipsum a arcu cursus vitae congue.",
      "created_at": "2023-04-02T05:30:11.348Z",
      "is_read": true,
      "is_acknowledged": false
    }
  },

  {
    "model": "sacred_garden.emotionalletter",
    "pk": 3,
    "fields": {
      "sender": 2,
      "recipient": 1,
      "appreciation_text": "Lorem ipsum dolor sit amet, consectetur adipiscing elit, sed do eiusmod tempor incididunt ut labore et dolore magna aliqua. Ultrices tincidunt arcu non sodales neque sodales ut etiam sit. In eu mi bibendum neque egestas congue quisque egestas diam. Eleifend mi in nulla posuere. Nulla facilisi morbi tempus iaculis urna id volutpat. Iaculis eu non diam phasellus. Libero nunc consequat interdum varius. At varius vel pharetra vel. Nibh tortor id aliquet lectus proin nibh nisl condimentum id. Mauris a diam maecenas sed enim ut sem viverra. Urna molestie at elementum eu facilisis. Ipsum a arcu cursus vitae congue.",
      "text": "Lorem ipsum dolor sit amet, consectetur adipiscing elit, sed do eiusmod tempor incididunt ut labore et dolore magna aliqua. Ultrices tincidunt arcu non sodales neque sodales ut etiam sit. In eu mi bibendum neque egestas congue quisque egestas diam. Eleifend mi in nulla posuere. Nulla facilisi morbi tempus iaculis urna id volutpat. Iaculis eu non diam phasellus. Libero nunc consequat interdum varius. At varius vel pharetra vel. Nibh tortor id aliquet lectus proin nibh nisl condimentum id. Mauris a diam maecenas sed enim ut sem viverra. Urna molestie at elementum eu facilisis. Ipsum a arcu cursus vitae congue.",
      "advice_text": "Lorem ipsum dolor sit amet, consectetur adipiscing elit, sed do eiusmod tempor incididunt ut labore et dolore magna aliqua. Ultrices tincidunt arcu non sodales neque sodales ut etiam sit. In eu mi bibendum neque egestas congue quisque egestas diam. Eleifend mi in nulla posuere. Nulla facilisi morbi tempus iaculis urna id volutpat. Iaculis eu non diam phasellus. Libero nunc consequat interdum varius. At varius vel pharetra vel. Nibh tortor id aliquet lectus proin nibh nisl condimentum id. Mauris a diam maecenas sed enim ut sem viverra. Urna molestie at elementum eu facilisis. Ipsum a arcu cursus vitae congue.",
      "created_at": "2023-04-03T05:30:11.348Z",
      "is_read": false,
      "is_acknowledged": false
    }
  },

  {
    "model": "sacred_garden.emotionalletter",
    "pk": 4,
    "fields": {
      "sender": 2,
      "recipient": 1,
      "appreciation_text": "Lorem ipsum dolor sit amet, consectetur adipiscing elit, sed do eiusmod tempor incididunt ut labore et dolore magna aliqua. Ultrices tincidunt arcu non sodales neque sodales ut etiam sit. In eu mi bibendum neque egestas congue quisque egestas diam. Eleifend mi in nulla posuere. Nulla facilisi morbi tempus iaculis urna id volutpat. Iaculis eu non diam phasellus. Libero nunc consequat interdum varius. At varius vel pharetra vel. Nibh tortor id aliquet lectus proin nibh nisl condimentum id. Mauris a diam maecenas sed enim ut sem viverra. Urna molestie at elementum eu facilisis. Ipsum a arcu cursus vitae congue.",
      "text": "Lorem ipsum dolor sit amet, consectetur adipiscing elit, sed do eiusmod tempor incididunt ut labore et dolore magna aliqua. Ultrices tincidunt arcu non sodales neque sodales ut etiam sit. In eu mi bibendum neque egestas congue quisque egestas diam. Eleifend mi in nulla posuere. Nulla facilisi morbi tempus iaculis urna id volutpat. Iaculis eu non diam phasellus. Libero nunc consequat interdum varius. At varius vel pharetra vel. Nibh tortor id aliquet lectus proin nibh nisl condimentum id. Mauris a diam maecenas sed enim ut sem viverra. Urna molestie at elementum eu facilisis. Ipsum a arcu cursus vitae congue.",
      "advice_text": "Lorem ipsum dolor sit amet, consectetur adipiscing elit, sed do eiusmod tempor incididunt ut labore et dolore magna aliqua. Ultrices tincidunt arcu non sodales neque sodales ut etiam sit. In eu mi bibendum neque egestas congue quisque egestas diam. Eleifend mi in nulla posuere. Nulla facilisi morbi tempus iaculis urna id volutpat. Iaculis eu non diam phasellus. Libero nunc consequat interdum varius. At varius vel pharetra vel. Nibh tortor id aliquet lectus proin nibh nisl condimentum id. Mauris a diam maecenas sed enim ut sem viverra. Urna molestie at elementum eu facilisis. Ipsum a arcu cursus vitae congue.",
      "created_at": "2023-04-04T05:30:11.348Z",
      "is_read": false,
      "is_acknowledged": false
    }
  },

  {
    "model": "sacred_garden.emotionalletter",
    "pk": 5,
    "fields": {
      "sender": 1,
      "recipient": 2,
      "appreciation_text": "Lorem ipsum dolor sit amet, consectetur adipiscing elit, sed do eiusmod tempor incididunt ut labore et dolore magna aliqua. Ultrices tincidunt arcu non sodales neque sodales ut etiam sit. In eu mi bibendum neque egestas congue quisque egestas diam. Eleifend mi in nulla posuere. Nulla facilisi morbi tempus iaculis urna id volutpat. Iaculis eu non diam phasellus. Libero nunc consequat interdum varius. At varius vel pharetra vel. Nibh tortor id aliquet lectus proin nibh nisl condimentum id. Mauris a diam maecenas sed enim ut sem viverra. Urna molestie at elementum eu facilisis. Ipsum a arcu cursus vitae congue.",
      "text": "Lorem ipsum dolor sit amet, consectetur adipiscing elit, sed do eiusmod tempor incididunt ut labore et dolore magna aliqua. Ultrices tincidunt arcu non sodales neque sodales ut etiam sit. In eu mi bibendum neque egestas congue quisque egestas diam. Eleifend mi in nulla posuere. Nulla facilisi morbi tempus iaculis urna id volutpat. Iaculis eu non diam phasellus. Libero nunc consequat interdum varius. At varius vel pharetra vel. Nibh tortor id aliquet lectus proin nibh nisl condimentum id. Mauris a diam maecenas sed enim ut sem viverra. Urna molestie at elementum eu facilisis. Ipsum a arcu cursus vitae congue.",
      "advice_text": "Lorem ipsum dolor sit amet, consectetur adipiscing elit, sed do eiusmod tempor incididunt ut labore et dolore magna aliqua. Ultrices tincidunt arcu non sodales neque sodales ut etiam sit. In eu mi bibendum neque egestas congue quisque egestas diam. Eleifend mi in nulla posuere. Nulla facilisi morbi tempus iaculis urna id volutpat. Iaculis eu non diam phasellus. Libero nunc consequat interdum varius. At varius vel pharetra vel. Nibh tortor id aliquet lectus proin nibh nisl condimentum id. Mauris a diam maecenas sed enim ut sem viverra. Urna molestie at elementum eu facilisis. Ipsum a arcu cursus vitae congue.",
      "created_at": "2023-04-04T05:30:11.348Z",
      "is_read": true,
      "is_acknowledged": false
    }
  },

  {
    "model": "sacred_garden.emotionalletter",
    "pk": 6,
    "fields": {
      "sender": 1,
      "recipient": 2,
      "appreciation_text": "Lorem ipsum dolor sit amet, consectetur adipiscing elit, sed do eiusmod tempor incididunt ut labore et dolore magna aliqua. Ultrices tincidunt arcu non sodales neque sodales ut etiam sit. In eu mi bibendum neque egestas congue quisque egestas diam. Eleifend mi in nulla posuere. Nulla facilisi morbi tempus iaculis urna id volutpat. Iaculis eu non diam phasellus. Libero nunc consequat interdum varius. At varius vel pharetra vel. Nibh tortor id aliquet lectus proin nibh nisl condimentum id. Mauris a diam maecenas sed enim ut sem viverra. Urna molestie at elementum eu facilisis. Ipsum a arcu cursus vitae congue.",
      "text": "Lorem ipsum dolor sit amet, consectetur adipiscing elit, sed do eiusmod tempor incididunt ut labore et dolore magna aliqua. Ultrices tincidunt arcu non sodales neque sodales ut etiam sit. In eu mi bibendum neque egestas congue quisque egestas diam. Eleifend mi in nulla posuere. Nulla facilisi morbi tempus iaculis urna id volutpat. Iaculis eu non diam phasellus. Libero nunc consequat interdum varius. At varius vel pharetra vel. Nibh tortor id aliquet lectus proin nibh nisl condimentum id. Mauris a diam maecenas sed enim ut sem viverra. Urna molestie at elementum eu facilisis. Ipsum a arcu cursus vitae congue.",
      "advice_text": "Lorem ipsum dolor sit amet, consectetur adipiscing elit, sed do eiusmod tempor incididunt ut labore et dolore magna aliqua. Ultrices tincidunt arcu non sodales neque sodales ut etiam sit. In eu mi bibendum neque egestas congue quisque egestas diam. Eleifend mi in nulla posuere. Nulla facilisi morbi tempus iaculis urna id volutpat. Iaculis eu non diam phasellus. Libero nunc consequat interdum varius. At varius vel pharetra vel. Nibh tortor id aliquet lectus proin nibh nisl condimentum id. Mauris a diam maecenas sed enim ut sem viverra. Urna molestie at elementum eu facilisis. Ipsum a arcu cursus vitae congue.",
      "created_at": "2023-04-05T05:30:11.348Z",
      "is_read": false,
      "is_acknowledged": false
    }
  }
]